dataset,n_components,train_size,test_size,test_accuracy,fit_seconds,total_seconds
HAR,1,7352,2947,0.5765184933831015,4.296538791968487,4.315463084029034
HAR,3,7352,2947,0.820834747200543,2.9395075829233974,2.953355500008911
HAR,5,7352,2947,0.9535120461486257,4.254215833963826,4.272359333001077
