{
  "feature_list": [
    5,
    50,
    100,
    300,
    400
  ],
  "correlation": 0.5,
  "n_reps": 5,
  "n_classes": 2,
  "n_samples": 1000,
  "means": {
    "LdaBoost": [
      0.6679999999999999,
      0.7626666666666667,
      0.7113333333333334,
      0.6446666666666666,
      0.6273333333333333
    ],
    "GBM": [
      0.7033333333333333,
      0.7220000000000001,
      0.682,
      0.6786666666666666,
      0.706
    ],
    "LDA+GBM": [
      0.6586666666666667,
      0.7626666666666667,
      0.7106666666666667,
      0.6446666666666666,
      0.6273333333333333
    ]
  },
  "stds": {
    "LdaBoost": [
      0.028952067667477967,
      0.05474790711372751,
      0.034097898273451804,
      0.024997777679003567,
      0.01323295549418615
    ],
    "GBM": [
      0.01316561177208768,
      0.03276854860651867,
      0.022469732728470287,
      0.014996295838935983,
      0.02235073948565359
    ],
    "LDA+GBM": [
      0.026549743668986516,
      0.05474790711372751,
      0.03382306905057554,
      0.024997777679003567,
      0.01323295549418615
    ]
  }
}