{
  "feature_list": [
    5,
    50,
    100,
    300,
    400
  ],
  "correlation": 0.5,
  "n_reps": 5,
  "n_classes": 3,
  "n_samples": 1000,
  "means": {
    "LdaBoost": [
      0.5720000000000001,
      0.6706666666666667,
      0.6226666666666667,
      0.49733333333333335,
      0.49000000000000005
    ],
    "GBM": [
      0.5853333333333333,
      0.592,
      0.5913333333333334,
      0.5526666666666668,
      0.5486666666666666
    ],
    "LDA+GBM": [
      0.5866666666666667,
      0.6719999999999999,
      0.6293333333333333,
      0.502,
      0.4953333333333333
    ]
  },
  "stds": {
    "LdaBoost": [
      0.03403266404826726,
      0.038145918669119906,
      0.014966629547095758,
      0.024801433650317697,
      0.008944271909999163
    ],
    "GBM": [
      0.025438378704451894,
      0.02729265265394495,
      0.022070593809662465,
      0.01569146972791977,
      0.01916014381759992
    ],
    "LDA+GBM": [
      0.0433589667773576,
      0.03804091364716562,
      0.014817407180595253,
      0.022370615647416683,
      0.006182412330330466
    ]
  }
}