{
  "feature_list": [
    5,
    50,
    100,
    300,
    400
  ],
  "correlation": 0.5,
  "n_reps": 5,
  "n_classes": 5,
  "n_samples": 1000,
  "means": {
    "LdaBoost": [
      0.45199999999999996,
      0.5473333333333332,
      0.4673333333333334,
      0.3373333333333333,
      0.2826666666666666
    ],
    "GBM": [
      0.4493333333333334,
      0.4213333333333334,
      0.4026666666666666,
      0.4013333333333334,
      0.3586666666666667
    ],
    "LDA+GBM": [
      0.44266666666666665,
      0.5706666666666667,
      0.4766666666666667,
      0.34133333333333327,
      0.29533333333333334
    ]
  },
  "stds": {
    "LdaBoost": [
      0.02833137248116771,
      0.033226495451672326,
      0.042447353012617615,
      0.022251092357704852,
      0.018306040290327983
    ],
    "GBM": [
      0.025333333333333333,
      0.03249615361854384,
      0.02351358945139786,
      0.017713773674115234,
      0.03317294747899927
    ],
    "LDA+GBM": [
      0.027760883751542682,
      0.04186751591495356,
      0.042998707990925596,
      0.02963481436119048,
      0.022568414506414346
    ]
  }
}