{
  "HAR": {
    "LDA+GBM": [
      0.9824561403508771,
      0.9763361893104855,
      0.9751020408163266
    ],
    "PCA+GBM": [
      0.9469604243166054,
      0.9424724602203183,
      0.9351020408163265
    ],
    "LdaBoost": [
      0.9804161566707467,
      0.9759281925744594,
      0.9751020408163266
    ]
  },
  "RAINFALL": {
    "LDA+GBM": [
      0.8794520547945206,
      0.8383561643835616,
      0.863013698630137
    ],
    "PCA+GBM": [
      0.8767123287671232,
      0.8465753424657534,
      0.8643835616438356
    ],
    "LdaBoost": [
      0.8780821917808219,
      0.8328767123287671,
      0.8616438356164383
    ]
  },
  "IRIS": {
    "LDA+GBM": [
      1.0,
      0.96,
      0.98
    ],
    "PCA+GBM": [
      1.0,
      0.96,
      0.94
    ],
    "LdaBoost": [
      1.0,
      0.96,
      0.94
    ]
  },
  "SONAR": {
    "LDA+GBM": [
      0.6285714285714286,
      0.7101449275362319,
      0.7246376811594203
    ],
    "PCA+GBM": [
      0.7571428571428571,
      0.782608695652174,
      0.7536231884057971
    ],
    "LdaBoost": [
      0.6142857142857143,
      0.6956521739130435,
      0.7391304347826086
    ]
  },
  "YEAST": {
    "LDA+GBM": [
      0.6282828282828283,
      0.5797979797979798,
      0.6336032388663968
    ],
    "PCA+GBM": [
      0.597979797979798,
      0.5555555555555556,
      0.5931174089068826
    ],
    "LdaBoost": [
      0.593939393939394,
      0.5595959595959596,
      0.5910931174089069
    ]
  }
}