dataset,method,mean_accuracy,std_accuracy,n_folds
HAR,GBM,0.9839504075804127,0.003960468355023,3
RAINFALL,GBM,0.8662100456621005,0.027202504125308644,3
IRIS,GBM,0.96,0.034641016151377574,3
SONAR,GBM,0.8222222222222223,0.02903377623442843,3
YEAST,GBM,0.5990757780231465,0.04819106475586346,3
