{
  "HAR": {
    "GBM": [
      0.9849041207670338,
      0.9796001631986944,
      0.9873469387755102
    ]
  },
  "RAINFALL": {
    "GBM": [
      0.8876712328767123,
      0.8356164383561644,
      0.8753424657534247
    ]
  },
  "IRIS": {
    "GBM": [
      1.0,
      0.94,
      0.94
    ]
  },
  "SONAR": {
    "GBM": [
      0.8,
      0.8115942028985508,
      0.855072463768116
    ]
  },
  "YEAST": {
    "GBM": [
      0.6262626262626263,
      0.5434343434343434,
      0.6275303643724697
    ]
  }
}