{
  "HAR": {
    "PCA+GBM": [
      0.9347509466938537,
      0.950771919603845,
      0.9513545004369356
    ],
    "LDA+GBM": [
      0.9749490241771046,
      0.9816487037576463,
      0.9807748325080105
    ]
  },
  "RAINFALL": {
    "PCA+GBM": [
      0.8767123287671232,
      0.8465753424657534,
      0.8643835616438356
    ],
    "LDA+GBM": [
      0.8794520547945206,
      0.8383561643835616,
      0.863013698630137
    ]
  },
  "IRIS": {
    "PCA+GBM": [
      1.0,
      0.96,
      0.94
    ],
    "LDA+GBM": [
      1.0,
      0.96,
      0.98
    ]
  },
  "SONAR": {
    "PCA+GBM": [
      0.7571428571428571,
      0.782608695652174,
      0.7536231884057971
    ],
    "LDA+GBM": [
      0.6285714285714286,
      0.7101449275362319,
      0.7246376811594203
    ]
  },
  "YEAST": {
    "PCA+GBM": [
      0.597979797979798,
      0.5555555555555556,
      0.5931174089068826
    ],
    "LDA+GBM": [
      0.6282828282828283,
      0.5797979797979798,
      0.6336032388663968
    ]
  }
}