{
  "best_value": 0.35,
  "best_params": {
    "n_estimators": 186,
    "learning_rate": 0.05577840617948812,
    "max_depth": 3,
    "min_samples_leaf": 89,
    "ccp_alpha": 0.00015696331582345908,
    "subsample": 0.7651912630747271,
    "k_select": 20
  },
  "n_trials": 30,
  "seeds": [
    11,
    29
  ],
  "train_size": 0.7
}