{
  "acc_train": 0.4228571428571429,
  "acc_test": 0.3466666666666667
}